{
   "盐业大厦":[
      117.31477,
      31.881644
   ],
   "海尔智慧公馆":[
      117.36401,
      31.874995
   ],
   "幸福花园小区":[
      117.348255,
      31.840558
   ],
   "金色里程":[
      117.263302,
      31.967955
   ],
   "瑞阳公馆":[
      117.26263,
      31.935846
   ],
   "墨荷名邸":[
      117.217566,
      31.893716
   ],
   "天一家园":[
      117.241615,
      31.873198
   ],
   "沃野花园":[
      117.172083,
      31.855136
   ],
   "百商玉兰公馆":[
      117.178847,
      31.819431
   ],
   "华邦世贸城":[
      117.233678,
      31.817848
   ],
   "国轩名门":[
      117.232129,
      31.766348
   ],
   "滨湖惠园":[
      117.277386,
      31.730248
   ],
   "东方蓝海D组团":[
      117.295874,
      31.708434
   ],
   "民康葛大店":[
      117.315009,
      31.806658
   ],
   "广福花园A区":[
      117.259303,
      31.804585
   ],
   "阳光里":[
      117.343875,
      31.768163
   ],
   "东郡三期":[
      117.361238,
      31.858043
   ],
   "滨河苑":[
      117.306846,
      31.986967
   ],
   "天元新城":[
      117.329136,
      31.975753
   ],
   "众城国际":[
      117.28516,
      31.879069
   ]
}